{"gridSide":16,"ordering":"index = v*16 + u (u = col = hue, v = row = lightness)","kNeighbor":6.0e-2,"seedChroma":0.1,"tolerance":1.0e-9,"L":[0.15,0.15,0.15,0.15,0.15,0.15,0.15,0.15,0.15,0.15,0.15,0.15,0.15,0.15,0.15,0.15,0.19666666666666666,0.19666666666666666,0.19666666666666666,0.19666666666666666,0.19666666666666666,0.19666666666666666,0.19666666666666666,0.19666666666666666,0.19666666666666666,0.19666666666666666,0.19666666666666666,0.19666666666666666,0.19666666666666666,0.19666666666666666,0.19666666666666666,0.19666666666666666,0.24333333333333332,0.24333333333333332,0.24333333333333332,0.24333333333333332,0.24333333333333332,0.24333333333333332,0.24333333333333332,0.24333333333333332,0.24333333333333332,0.24333333333333332,0.24333333333333332,0.24333333333333332,0.24333333333333332,0.24333333333333332,0.24333333333333332,0.24333333333333332,0.29,0.29,0.29,0.29,0.29,0.29,0.29,0.29,0.29,0.29,0.29,0.29,0.29,0.29,0.29,0.29,0.33666666666666667,0.33666666666666667,0.33666666666666667,0.33666666666666667,0.33666666666666667,0.33666666666666667,0.33666666666666667,0.33666666666666667,0.33666666666666667,0.33666666666666667,0.33666666666666667,0.33666666666666667,0.33666666666666667,0.33666666666666667,0.33666666666666667,0.33666666666666667,0.3833333333333333,0.3833333333333333,0.3833333333333333,0.3833333333333333,0.3833333333333333,0.3833333333333333,0.3833333333333333,0.3833333333333333,0.3833333333333333,0.3833333333333333,0.3833333333333333,0.3833333333333333,0.3833333333333333,0.3833333333333333,0.3833333333333333,0.3833333333333333,0.42999999999999994,0.42999999999999994,0.42999999999999994,0.42999999999999994,0.42999999999999994,0.42999999999999994,0.42999999999999994,0.42999999999999994,0.42999999999999994,0.42999999999999994,0.42999999999999994,0.42999999999999994,0.42999999999999994,0.42999999999999994,0.42999999999999994,0.42999999999999994,0.47666666666666657,0.47666666666666657,0.47666666666666657,0.47666666666666657,0.47666666666666657,0.47666666666666657,0.47666666666666657,0.47666666666666657,0.47666666666666657,0.47666666666666657,0.47666666666666657,0.47666666666666657,0.47666666666666657,0.47666666666666657,0.47666666666666657,0.47666666666666657,0.5233333333333333,0.5233333333333333,0.5233333333333333,0.5233333333333333,0.5233333333333333,0.5233333333333333,0.5233333333333333,0.5233333333333333,0.5233333333333333,0.5233333333333333,0.5233333333333333,0.5233333333333333,0.5233333333333333,0.5233333333333333,0.5233333333333333,0.5233333333333333,0.57,0.57,0.57,0.57,0.57,0.57,0.57,0.57,0.57,0.57,0.57,0.57,0.57,0.57,0.57,0.57,0.6166666666666667,0.6166666666666667,0.6166666666666667,0.6166666666666667,0.6166666666666667,0.6166666666666667,0.6166666666666667,0.6166666666666667,0.6166666666666667,0.6166666666666667,0.6166666666666667,0.6166666666666667,0.6166666666666667,0.6166666666666667,0.6166666666666667,0.6166666666666667,0.6633333333333333,0.6633333333333333,0.6633333333333333,0.6633333333333333,0.6633333333333333,0.6633333333333333,0.6633333333333333,0.6633333333333333,0.6633333333333333,0.6633333333333333,0.6633333333333333,0.6633333333333333,0.6633333333333333,0.6633333333333333,0.6633333333333333,0.6633333333333333,0.71,0.71,0.71,0.71,0.71,0.71,0.71,0.71,0.71,0.71,0.71,0.71,0.71,0.71,0.71,0.71,0.7566666666666667,0.7566666666666667,0.7566666666666667,0.7566666666666667,0.7566666666666667,0.7566666666666667,0.7566666666666667,0.7566666666666667,0.7566666666666667,0.7566666666666667,0.7566666666666667,0.7566666666666667,0.7566666666666667,0.7566666666666667,0.7566666666666667,0.7566666666666667,0.8033333333333332,0.8033333333333332,0.8033333333333332,0.8033333333333332,0.8033333333333332,0.8033333333333332,0.8033333333333332,0.8033333333333332,0.8033333333333332,0.8033333333333332,0.8033333333333332,0.8033333333333332,0.8033333333333332,0.8033333333333332,0.8033333333333332,0.8033333333333332,0.85,0.85,0.85,0.85,0.85,0.85,0.85,0.85,0.85,0.85,0.85,0.85,0.85,0.85,0.85,0.85],"a":[0.1,9.238795325112868e-2,7.071067811865477e-2,3.826834323650899e-2,6.123233995736766e-18,-3.8268343236508975e-2,-7.071067811865475e-2,-9.238795325112868e-2,-0.1,-9.23879532511287e-2,-7.071067811865477e-2,-3.826834323650904e-2,-1.8369701987210297e-17,3.8268343236509e-2,7.071067811865474e-2,9.238795325112865e-2,0.1,9.238795325112868e-2,7.071067811865477e-2,3.826834323650899e-2,6.123233995736766e-18,-3.8268343236508975e-2,-7.071067811865475e-2,-9.238795325112868e-2,-0.1,-9.23879532511287e-2,-7.071067811865477e-2,-3.826834323650904e-2,-1.8369701987210297e-17,3.8268343236509e-2,7.071067811865474e-2,9.238795325112865e-2,0.1,9.238795325112868e-2,7.071067811865477e-2,3.826834323650899e-2,6.123233995736766e-18,-3.8268343236508975e-2,-7.071067811865475e-2,-9.238795325112868e-2,-0.1,-9.23879532511287e-2,-7.071067811865477e-2,-3.826834323650904e-2,-1.8369701987210297e-17,3.8268343236509e-2,7.071067811865474e-2,9.238795325112865e-2,0.1,9.238795325112868e-2,7.071067811865477e-2,3.826834323650899e-2,6.123233995736766e-18,-3.8268343236508975e-2,-7.071067811865475e-2,-9.238795325112868e-2,-0.1,-9.23879532511287e-2,-7.071067811865477e-2,-3.826834323650904e-2,-1.8369701987210297e-17,3.8268343236509e-2,7.071067811865474e-2,9.238795325112865e-2,0.1,9.238795325112868e-2,7.071067811865477e-2,3.826834323650899e-2,6.123233995736766e-18,-3.8268343236508975e-2,-7.071067811865475e-2,-9.238795325112868e-2,-0.1,-9.23879532511287e-2,-7.071067811865477e-2,-3.826834323650904e-2,-1.8369701987210297e-17,3.8268343236509e-2,7.071067811865474e-2,9.238795325112865e-2,0.1,9.238795325112868e-2,7.071067811865477e-2,3.826834323650899e-2,6.123233995736766e-18,-3.8268343236508975e-2,-7.071067811865475e-2,-9.238795325112868e-2,-0.1,-9.23879532511287e-2,-7.071067811865477e-2,-3.826834323650904e-2,-1.8369701987210297e-17,3.8268343236509e-2,7.071067811865474e-2,9.238795325112865e-2,0.1,9.238795325112868e-2,7.071067811865477e-2,3.826834323650899e-2,6.123233995736766e-18,-3.8268343236508975e-2,-7.071067811865475e-2,-9.238795325112868e-2,-0.1,-9.23879532511287e-2,-7.071067811865477e-2,-3.826834323650904e-2,-1.8369701987210297e-17,3.8268343236509e-2,7.071067811865474e-2,9.238795325112865e-2,0.1,9.238795325112868e-2,7.071067811865477e-2,3.826834323650899e-2,6.123233995736766e-18,-3.8268343236508975e-2,-7.071067811865475e-2,-9.238795325112868e-2,-0.1,-9.23879532511287e-2,-7.071067811865477e-2,-3.826834323650904e-2,-1.8369701987210297e-17,3.8268343236509e-2,7.071067811865474e-2,9.238795325112865e-2,0.1,9.238795325112868e-2,7.071067811865477e-2,3.826834323650899e-2,6.123233995736766e-18,-3.8268343236508975e-2,-7.071067811865475e-2,-9.238795325112868e-2,-0.1,-9.23879532511287e-2,-7.071067811865477e-2,-3.826834323650904e-2,-1.8369701987210297e-17,3.8268343236509e-2,7.071067811865474e-2,9.238795325112865e-2,0.1,9.238795325112868e-2,7.071067811865477e-2,3.826834323650899e-2,6.123233995736766e-18,-3.8268343236508975e-2,-7.071067811865475e-2,-9.238795325112868e-2,-0.1,-9.23879532511287e-2,-7.071067811865477e-2,-3.826834323650904e-2,-1.8369701987210297e-17,3.8268343236509e-2,7.071067811865474e-2,9.238795325112865e-2,0.1,9.238795325112868e-2,7.071067811865477e-2,3.826834323650899e-2,6.123233995736766e-18,-3.8268343236508975e-2,-7.071067811865475e-2,-9.238795325112868e-2,-0.1,-9.23879532511287e-2,-7.071067811865477e-2,-3.826834323650904e-2,-1.8369701987210297e-17,3.8268343236509e-2,7.071067811865474e-2,9.238795325112865e-2,0.1,9.238795325112868e-2,7.071067811865477e-2,3.826834323650899e-2,6.123233995736766e-18,-3.8268343236508975e-2,-7.071067811865475e-2,-9.238795325112868e-2,-0.1,-9.23879532511287e-2,-7.071067811865477e-2,-3.826834323650904e-2,-1.8369701987210297e-17,3.8268343236509e-2,7.071067811865474e-2,9.238795325112865e-2,0.1,9.238795325112868e-2,7.071067811865477e-2,3.826834323650899e-2,6.123233995736766e-18,-3.8268343236508975e-2,-7.071067811865475e-2,-9.238795325112868e-2,-0.1,-9.23879532511287e-2,-7.071067811865477e-2,-3.826834323650904e-2,-1.8369701987210297e-17,3.8268343236509e-2,7.071067811865474e-2,